<?xml version="1.0" encoding="utf-8" ?><dwsync><file name="Attachment.php" server="ftp.facturaya.com//facturaya/" local="3545800608" remote="318763443940475592" Dst="-1" /><file name="CharacterReader.php" server="ftp.facturaya.com//facturaya/" local="3545800608" remote="318763443940475592" Dst="-1" /><file name="CharacterReaderFactory.php" server="ftp.facturaya.com//facturaya/" local="3545800608" remote="318763443940475592" Dst="-1" /><file name="CharacterStream.php" server="ftp.facturaya.com//facturaya/" local="3545800608" remote="318763443940475592" Dst="-1" /><file name="ConfigurableSpool.php" server="ftp.facturaya.com//facturaya/" local="3545800608" remote="318763443940475592" Dst="-1" /><file name="DependencyContainer.php" server="ftp.facturaya.com//facturaya/" local="3545800608" remote="318763443940475592" Dst="-1" /><file name="EmbeddedFile.php" server="ftp.facturaya.com//facturaya/" local="3545800608" remote="318763443940475592" Dst="-1" /><file name="DependencyException.php" server="ftp.facturaya.com//facturaya/" local="3545800608" remote="318763443940475592" Dst="-1" /><file name="Encoder.php" server="ftp.facturaya.com//facturaya/" local="3545800608" remote="318763443940475592" Dst="-1" /><file name="Encoding.php" server="ftp.facturaya.com//facturaya/" local="3545800608" remote="318763443940475592" Dst="-1" /><file name="FailoverTransport.php" server="ftp.facturaya.com//facturaya/" local="3545800608" remote="318763443940475592" Dst="-1" /><file name="FileSpool.php" server="ftp.facturaya.com//facturaya/" local="3545800608" remote="318763443940475592" Dst="-1" /><file name="FileStream.php" server="ftp.facturaya.com//facturaya/" local="3545800608" remote="318763443940475592" Dst="-1" /><file name="Filterable.php" server="ftp.facturaya.com//facturaya/" local="3545800608" remote="318763443940475592" Dst="-1" /><file name="Image.php" server="ftp.facturaya.com//facturaya/" local="3545800608" remote="318763443940475592" Dst="-1" /><file name="InputByteStream.php" server="ftp.facturaya.com//facturaya/" local="3545800608" remote="318763443940475592" Dst="-1" /><file name="IoException.php" server="ftp.facturaya.com//facturaya/" local="3545800608" remote="318763443940475592" Dst="-1" /><file name="KeyCache.php" server="ftp.facturaya.com//facturaya/" local="3545800608" remote="318763443940475592" Dst="-1" /><file name="LoadBalancedTransport.php" server="ftp.facturaya.com//facturaya/" local="3545800608" remote="318763443940475592" Dst="-1" /><file name="Mailer.php" server="ftp.facturaya.com//facturaya/" local="3545800608" remote="318763443940475592" Dst="-1" /><file name="MailTransport.php" server="ftp.facturaya.com//facturaya/" local="3545800608" remote="318763443940475592" Dst="-1" /><file name="MemorySpool.php" server="ftp.facturaya.com//facturaya/" local="3545800608" remote="318763443940475592" Dst="-1" /><file name="Message.php" server="ftp.facturaya.com//facturaya/" local="3545800608" remote="318763443940475592" Dst="-1" /><file name="MimePart.php" server="ftp.facturaya.com//facturaya/" local="3545800608" remote="318763443940475592" Dst="-1" /><file name="NullTransport.php" server="ftp.facturaya.com//facturaya/" local="3545800608" remote="318763443940475592" Dst="-1" /><file name="OutputByteStream.php" server="ftp.facturaya.com//facturaya/" local="3545800608" remote="318763443940475592" Dst="-1" /><file name="Preferences.php" server="ftp.facturaya.com//facturaya/" local="3545800608" remote="318763443940475592" Dst="-1" /><file name="ReplacementFilterFactory.php" server="ftp.facturaya.com//facturaya/" local="3545800608" remote="318763443940475592" Dst="-1" /><file name="RfcComplianceException.php" server="ftp.facturaya.com//facturaya/" local="3545800608" remote="318763443940475592" Dst="-1" /><file name="SendmailTransport.php" server="ftp.facturaya.com//facturaya/" local="3545800608" remote="318763443940475592" Dst="-1" /><file name="SignedMessage.php" server="ftp.facturaya.com//facturaya/" local="3545800608" remote="318763443940475592" Dst="-1" /><file name="Signer.php" server="ftp.facturaya.com//facturaya/" local="3545800608" remote="318763443940475592" Dst="-1" /><file name="SmtpTransport.php" server="ftp.facturaya.com//facturaya/" local="3545800608" remote="318763443940475592" Dst="-1" /><file name="Spool.php" server="ftp.facturaya.com//facturaya/" local="3545800608" remote="318763443940475592" Dst="-1" /><file name="SpoolTransport.php" server="ftp.facturaya.com//facturaya/" local="3545800608" remote="318763443940475592" Dst="-1" /><file name="StreamFilter.php" server="ftp.facturaya.com//facturaya/" local="3545800608" remote="318763443940475592" Dst="-1" /><file name="SwiftException.php" server="ftp.facturaya.com//facturaya/" local="3545800608" remote="318763443940475592" Dst="-1" /><file name="Transport.php" server="ftp.facturaya.com//facturaya/" local="3545800608" remote="318763443940475592" Dst="-1" /><file name="TransportException.php" server="ftp.facturaya.com//facturaya/" local="3545800608" remote="318763443940475592" Dst="-1" /><file name="Validate.php" server="ftp.facturaya.com//facturaya/" local="3545800608" remote="318763443940475592" Dst="-1" /></dwsync>