<?xml version="1.0" encoding="utf-8" ?><dwsync><file name="Attachment.php" server="ftp.facturaya.com//facturaya/" local="3545800608" remote="318763443940475592" Dst="-1" /><file name="CharsetObserver.php" server="ftp.facturaya.com//facturaya/" local="3545800608" remote="318763443940475592" Dst="-1" /><file name="ContentEncoder.php" server="ftp.facturaya.com//facturaya/" local="3545800608" remote="318763443940475592" Dst="-1" /><file name="EmbeddedFile.php" server="ftp.facturaya.com//facturaya/" local="3545800608" remote="318763443940475592" Dst="-1" /><file name="EncodingObserver.php" server="ftp.facturaya.com//facturaya/" local="3545800608" remote="318763443940475592" Dst="-1" /><file name="Grammar.php" server="ftp.facturaya.com//facturaya/" local="3545800608" remote="318763443940475592" Dst="-1" /><file name="Header.php" server="ftp.facturaya.com//facturaya/" local="3545800608" remote="318763443940475592" Dst="-1" /><file name="HeaderEncoder.php" server="ftp.facturaya.com//facturaya/" local="3545800608" remote="318763443940475592" Dst="-1" /><file name="HeaderFactory.php" server="ftp.facturaya.com//facturaya/" local="3545800608" remote="318763443940475592" Dst="-1" /><file name="HeaderSet.php" server="ftp.facturaya.com//facturaya/" local="3545800608" remote="318763443940475592" Dst="-1" /><file name="Message.php" server="ftp.facturaya.com//facturaya/" local="3545800608" remote="318763443940475592" Dst="-1" /><file name="MimeEntity.php" server="ftp.facturaya.com//facturaya/" local="3545800608" remote="318763443940475592" Dst="-1" /><file name="MimePart.php" server="ftp.facturaya.com//facturaya/" local="3545800608" remote="318763443940475592" Dst="-1" /><file name="ParameterizedHeader.php" server="ftp.facturaya.com//facturaya/" local="3545800608" remote="318763443940475592" Dst="-1" /><file name="SimpleHeaderFactory.php" server="ftp.facturaya.com//facturaya/" local="3545800608" remote="318763443940475592" Dst="-1" /><file name="SimpleHeaderSet.php" server="ftp.facturaya.com//facturaya/" local="3545800608" remote="318763443940475592" Dst="-1" /><file name="SimpleMessage.php" server="ftp.facturaya.com//facturaya/" local="3545800608" remote="318763443940475592" Dst="-1" /><file name="SimpleMimeEntity.php" server="ftp.facturaya.com//facturaya/" local="3545800608" remote="318763443940475592" Dst="-1" /></dwsync>