<?xml version="1.0" encoding="utf-8" ?><dwsync><file name="headers.rst" server="ftp.facturaya.com//facturaya/" local="3545800608" remote="318763443940475532" Dst="-1" /><file name="help-resources.rst" server="ftp.facturaya.com//facturaya/" local="3545800608" remote="318763443940475532" Dst="-1" /><file name="including-the-files.rst" server="ftp.facturaya.com//facturaya/" local="3545800608" remote="318763443940475532" Dst="-1" /><file name="index.rst" server="ftp.facturaya.com//facturaya/" local="3545800608" remote="318763443940475532" Dst="-1" /><file name="installing.rst" server="ftp.facturaya.com//facturaya/" local="3545800608" remote="318763443940475532" Dst="-1" /><file name="introduction.rst" server="ftp.facturaya.com//facturaya/" local="3545800608" remote="318763443940475532" Dst="-1" /><file name="japanese.rst" server="ftp.facturaya.com//facturaya/" local="3545800608" remote="318763443940475532" Dst="-1" /><file name="overview.rst" server="ftp.facturaya.com//facturaya/" local="3545800608" remote="318763443940475532" Dst="-1" /><file name="messages.rst" server="ftp.facturaya.com//facturaya/" local="3545800608" remote="318763443940475532" Dst="-1" /><file name="plugins.rst" server="ftp.facturaya.com//facturaya/" local="3545800608" remote="318763443940475532" Dst="-1" /><file name="sending.rst" server="ftp.facturaya.com//facturaya/" local="3545800608" remote="318763443940475532" Dst="-1" /></dwsync>