<?xml version="1.0" encoding="utf-8" ?><dwsync><file name=".gitattributes" server="ftp.facturaya.com//facturaya/" local="3545800608" remote="318763443940475532" Dst="-1" /><file name=".travis.yml" server="ftp.facturaya.com//facturaya/" local="3545800608" remote="318763443940475532" Dst="-1" /><file name=".gitignore" server="ftp.facturaya.com//facturaya/" local="3545800608" remote="318763443940475532" Dst="-1" /><file name="CHANGES" server="ftp.facturaya.com//facturaya/" local="3545800608" remote="318763443940475532" Dst="-1" /><file name="composer.json" server="ftp.facturaya.com//facturaya/" local="3545800608" remote="318763443940475532" Dst="-1" /><file name="LICENSE" server="ftp.facturaya.com//facturaya/" local="3545800608" remote="318763443940475592" Dst="-1" /><file name="phpunit.xml.dist" server="ftp.facturaya.com//facturaya/" local="3545800608" remote="318763443940475592" Dst="-1" /><file name="README" server="ftp.facturaya.com//facturaya/" local="3545800608" remote="318763443940475592" Dst="-1" /><file name="VERSION" server="ftp.facturaya.com//facturaya/" local="3545800608" remote="318763443940475592" Dst="-1" /></dwsync>