<?xml version="1.0" encoding="utf-8" ?><dwsync><file name="AbstractSmtpTransport.php" server="ftp.facturaya.com//facturaya/" local="3545800608" remote="318763443940475592" Dst="-1" /><file name="EsmtpHandler.php" server="ftp.facturaya.com//facturaya/" local="3545800608" remote="318763443940475592" Dst="-1" /><file name="EsmtpTransport.php" server="ftp.facturaya.com//facturaya/" local="3545800608" remote="318763443940475592" Dst="-1" /><file name="FailoverTransport.php" server="ftp.facturaya.com//facturaya/" local="3545800608" remote="318763443940475592" Dst="-1" /><file name="IoBuffer.php" server="ftp.facturaya.com//facturaya/" local="3545800608" remote="318763443940475592" Dst="-1" /><file name="LoadBalancedTransport.php" server="ftp.facturaya.com//facturaya/" local="3545800608" remote="318763443940475592" Dst="-1" /><file name="MailInvoker.php" server="ftp.facturaya.com//facturaya/" local="3545800608" remote="318763443940475592" Dst="-1" /><file name="MailTransport.php" server="ftp.facturaya.com//facturaya/" local="3545800608" remote="318763443940475592" Dst="-1" /><file name="NullTransport.php" server="ftp.facturaya.com//facturaya/" local="3545800608" remote="318763443940475592" Dst="-1" /><file name="SendmailTransport.php" server="ftp.facturaya.com//facturaya/" local="3545800608" remote="318763443940475592" Dst="-1" /><file name="SimpleMailInvoker.php" server="ftp.facturaya.com//facturaya/" local="3545800608" remote="318763443940475592" Dst="-1" /><file name="SmtpAgent.php" server="ftp.facturaya.com//facturaya/" local="3545800608" remote="318763443940475592" Dst="-1" /><file name="SpoolTransport.php" server="ftp.facturaya.com//facturaya/" local="3545800608" remote="318763443940475592" Dst="-1" /><file name="StreamBuffer.php" server="ftp.facturaya.com//facturaya/" local="3545800608" remote="318763443940475592" Dst="-1" /></dwsync>