<?xml version="1.0" encoding="utf-8" ?><dwsync><file name="CommandEvent.php" server="ftp.facturaya.com//facturaya/" local="3545800608" remote="318763443940475592" Dst="-1" /><file name="CommandListener.php" server="ftp.facturaya.com//facturaya/" local="3545800608" remote="318763443940475592" Dst="-1" /><file name="Event.php" server="ftp.facturaya.com//facturaya/" local="3545800608" remote="318763443940475592" Dst="-1" /><file name="EventDispatcher.php" server="ftp.facturaya.com//facturaya/" local="3545800608" remote="318763443940475592" Dst="-1" /><file name="EventListener.php" server="ftp.facturaya.com//facturaya/" local="3545800608" remote="318763443940475592" Dst="-1" /><file name="EventObject.php" server="ftp.facturaya.com//facturaya/" local="3545800608" remote="318763443940475592" Dst="-1" /><file name="ResponseEvent.php" server="ftp.facturaya.com//facturaya/" local="3545800608" remote="318763443940475592" Dst="-1" /><file name="ResponseListener.php" server="ftp.facturaya.com//facturaya/" local="3545800608" remote="318763443940475592" Dst="-1" /><file name="SendEvent.php" server="ftp.facturaya.com//facturaya/" local="3545800608" remote="318763443940475592" Dst="-1" /><file name="SendListener.php" server="ftp.facturaya.com//facturaya/" local="3545800608" remote="318763443940475592" Dst="-1" /><file name="SimpleEventDispatcher.php" server="ftp.facturaya.com//facturaya/" local="3545800608" remote="318763443940475592" Dst="-1" /><file name="TransportChangeEvent.php" server="ftp.facturaya.com//facturaya/" local="3545800608" remote="318763443940475592" Dst="-1" /><file name="TransportChangeListener.php" server="ftp.facturaya.com//facturaya/" local="3545800608" remote="318763443940475592" Dst="-1" /><file name="TransportExceptionEvent.php" server="ftp.facturaya.com//facturaya/" local="3545800608" remote="318763443940475592" Dst="-1" /><file name="TransportExceptionListener.php" server="ftp.facturaya.com//facturaya/" local="3545800608" remote="318763443940475592" Dst="-1" /></dwsync>