<?xml version="1.0" encoding="utf-8" ?><dwsync><file name="AbstractHeader.php" server="ftp.facturaya.com//facturaya/" local="3545800608" remote="318763443940475592" Dst="-1" /><file name="DateHeader.php" server="ftp.facturaya.com//facturaya/" local="3545800608" remote="318763443940475592" Dst="-1" /><file name="IdentificationHeader.php" server="ftp.facturaya.com//facturaya/" local="3545800608" remote="318763443940475592" Dst="-1" /><file name="MailboxHeader.php" server="ftp.facturaya.com//facturaya/" local="3545800608" remote="318763443940475592" Dst="-1" /><file name="OpenDKIMHeader.php" server="ftp.facturaya.com//facturaya/" local="3545800608" remote="318763443940475592" Dst="-1" /><file name="ParameterizedHeader.php" server="ftp.facturaya.com//facturaya/" local="3545800608" remote="318763443940475592" Dst="-1" /><file name="PathHeader.php" server="ftp.facturaya.com//facturaya/" local="3545800608" remote="318763443940475592" Dst="-1" /><file name="UnstructuredHeader.php" server="ftp.facturaya.com//facturaya/" local="3545800608" remote="318763443940475592" Dst="-1" /></dwsync>